claim_id,manuscript_section,formal_claim_text,code_module,implementation_construct,validation_suite,alignment_status
CLM-01,Methods - Snapshot Binding,Proposals must be bound to exact THSS Merkle digest base state and declared evidence,services/api/src/clara_api/glhs/gateway.py,validate_bound_proposal_context,evaluation/glhs_binding_component_ablation,READY_FOR_E01
CLM-02,Methods - Lineage Anti-Laundering,Lineage root proposal binding cannot downgrade to base_version_only across human reviews,services/api/src/clara_api/glhs/commitment_gateway.py,_require_lineage_binding,evaluation/glhs_downgrade,READY_FOR_E03
CLM-03,Methods - Canonical Lock Ordering,7-class lock hierarchy eliminates deadlocks and linearizes concurrent transitions,services/api/src/clara_api/glhs/lock_hierarchy.py,LockPlan / acquire_canonical_locks,evaluation/glhs_toctou_r2,READY_FOR_E04
CLM-04,Methods - 6-Phase OCC Commit Kernel,Atomic commit validates idempotency locks freshness CAS partition updates and outbox,services/api/src/clara_api/glhs/commit_kernel.py,execute_atomic_glhs_commit,services/api/tests/test_glhs_commit_kernel.py,ALIGNED
CLM-05,Methods - Canonical JSON,RFC 8785 strict canonicalization with UTF-16 code unit key sorting and IEEE 754 float formatting,services/api/src/clara_api/glhs/canonical_json.py,canonical_json_bytes / fast_canonical_digest,testdata/glhs/canonicalization/v2,READY_FOR_E07
CLM-06,Methods - Dependency Completeness,Schema-derived dependency contract enforces required read dependencies preventing write skew,services/api/src/clara_api/glhs/dependency_contract.py,OperationDependencyContract / validate_dependency_completeness,evaluation/glhs_dependency_completeness,READY_FOR_E06
CLM-07,Results - Concurrency Scaling,Entity-partitioned DAG versioning eliminates false-stale aborts on disjoint partitions,evaluation/contention_analysis/run_postgresql.py,run_contention_experiment,evaluation/concurrency_benchmark,READY_FOR_E09
CLM-08,Results - Formal Invariants,Bounded finite state space exploration verifies 11 core safety invariants with 0 violations,evaluation/formal_governance/explore.py,bfs_explore / check_all_invariants,evaluation/formal_governance,READY_FOR_E08
CLM-09,Results - Context Minimization,Task-bounded minimization achieves 87.4% token reduction with equivalent fact retention within 2pp,evaluation/commitloop/v8_runner.py,run_evaluation_grid / calculate_tost,evaluation/commitloop,READY_FOR_E11
CLM-10,Results - Alternative Design,Minimal read-set token comparator establishes representation minimality and overhead boundaries,evaluation/comparator_studies/minimal_readset_token,MinimalReadsetTokenValidator,evaluation/comparator_studies,READY_FOR_E02
